h1tg000031l_path_1,scaffold_1
h1tg000020l_path_1,scaffold_2
h1tg000017l_path_1,scaffold_3
h1tg000007l_path_1,scaffold_4
h1tg000014l_path_1,scaffold_5
h1tg000015l_path_1,scaffold_6
h1tg000038l_path_1,scaffold_7
h1tg000019l_path_1,scaffold_8
h1tg000006l_path_1,scaffold_9
h1tg000027l_path_1,scaffold_10
h1tg000058l_path_1,scaffold_11
h1tg000070l_path_1,scaffold_12
h1tg000034l_path_1,scaffold_13
h1tg000023l_path_1,scaffold_14
h1tg000003l_path_1,scaffold_15
h1tg000041l_path_1,scaffold_16
h1tg000066l_path_1,scaffold_17
h1tg000001l_path_1,scaffold_18
h1tg000052l_path_1,scaffold_19
h1tg000074l_path_1,scaffold_20
h1tg000013l_path_1,scaffold_21
h1tg000042l_path_1,scaffold_22
h1tg000022l_path_1,scaffold_23
h1tg000051l_path_1,scaffold_24
h1tg000084l_path_1,scaffold_25
h1tg000056l_path_1,scaffold_26
h1tg000062l_path_1,scaffold_27
h1tg000018l_path_1,scaffold_28
h1tg000061l_path_1,scaffold_29
h1tg000078l_path_1,scaffold_30
h1tg000010l_path_1,scaffold_31
h1tg000073l_path_1,scaffold_32
h1tg000036l_path_1,scaffold_33
h1tg000032l_path_1,scaffold_34
h1tg000101l_path_1,scaffold_35
h1tg000040l_path_1,scaffold_36
h1tg000029l_path_1,scaffold_37
h1tg000004l_path_1,scaffold_38
h1tg000053l_path_1,scaffold_39
h1tg000065l_path_1,scaffold_40
h1tg000009l_path_1,scaffold_41
h1tg000005l_path_1,scaffold_42
h1tg000089l_path_1,scaffold_43
h1tg000033l_path_1,scaffold_44
h1tg000102l_path_1,scaffold_45
h1tg000096l_path_1,scaffold_46
h1tg000054l_path_1,scaffold_47
h1tg000043l_path_1,scaffold_48
h1tg000088l_path_1,scaffold_49
h1tg000135l_path_1,scaffold_50
h1tg000039l_path_1,scaffold_51
h1tg000002l_path_1,scaffold_52
h1tg000012l_path_1,scaffold_53
h1tg000094l_path_1,scaffold_54
h1tg000044l_path_1,scaffold_55
h1tg000055l_path_1,scaffold_56
h1tg000046l_path_1,scaffold_57
h1tg000028l_path_1,scaffold_58
h1tg000025l_path_1,scaffold_59
h1tg000075l_path_1,scaffold_60
h1tg000011l_path_1,scaffold_61
h1tg000024l_path_1,scaffold_62
h1tg000050l_path_1,scaffold_63
h1tg000314l_path_1,scaffold_64
h1tg000057l_path_1,scaffold_65
h1tg000118l_path_1,scaffold_66
h1tg000060l_path_1,scaffold_67
h1tg000049l_path_1,scaffold_68
h1tg000048l_path_1,scaffold_69
h1tg000139l_path_1,scaffold_70
h1tg000076l_path_1,scaffold_71
h1tg000138l_path_1,scaffold_72
h1tg000095l_path_1,scaffold_73
h1tg000104l_path_1,scaffold_74
h1tg000098l_path_1,scaffold_75
h1tg000045l_path_1,scaffold_76
h1tg000086l_path_1,scaffold_77
h1tg000080l_path_1,scaffold_78
h1tg000035l_path_1,scaffold_79
h1tg000090l_path_1,scaffold_80
h1tg000059l_path_1,scaffold_81
h1tg000016l_path_1,scaffold_82
h1tg000112l_path_1,scaffold_83
h1tg000119l_path_1,scaffold_84
h1tg000030l_path_1,scaffold_85
h1tg000072l_path_1,scaffold_86
h1tg000026l_path_1,scaffold_87
h1tg000124l_path_1,scaffold_88
h1tg000105l_path_1,scaffold_89
h1tg000069l_path_1,scaffold_90
h1tg000093l_path_1,scaffold_91
h1tg000136l_path_1,scaffold_92
h1tg000079l_path_1,scaffold_93
h1tg000047l_path_1,scaffold_94
h1tg000113l_path_1,scaffold_95
h1tg000141l_path_1,scaffold_96
h1tg000114l_path_1,scaffold_97
h1tg000097l_path_1,scaffold_98
h1tg000083l_path_1,scaffold_99
h1tg000077l_path_1,scaffold_100
h1tg000132l_path_1,scaffold_101
h1tg000103l_path_1,scaffold_102
h1tg000153l_path_1,scaffold_103
h1tg000125l_path_1,scaffold_104
h1tg000130l_path_1,scaffold_105
h1tg000120l_path_1,scaffold_106
h1tg000064l_path_1,scaffold_107
h1tg000140l_path_1,scaffold_108
h1tg000087l_path_1,scaffold_109
h1tg000134l_path_1,scaffold_110
h1tg000106l_path_1,scaffold_111
h1tg000165l_path_1,scaffold_112
h1tg000200l_path_1,scaffold_113
h1tg000126l_path_1,scaffold_114
h1tg000172l_path_1,scaffold_115
h1tg000117l_path_1,scaffold_116
h1tg000131l_path_1,scaffold_117
h1tg000121l_path_1,scaffold_118
h1tg000008l_path_1,scaffold_119
h1tg000210l_path_1,scaffold_120
h1tg000063l_path_1,scaffold_121
h1tg000111l_path_1,scaffold_122
h1tg000168l_path_1,scaffold_123
h1tg000144l_path_1,scaffold_124
h1tg000091l_path_1,scaffold_125
h1tg000128l_path_1,scaffold_126
h1tg000155l_path_1,scaffold_127
h1tg000178l_path_1,scaffold_128
h1tg000085l_path_1,scaffold_129
h1tg000298l_path_1,scaffold_130
h1tg000207l_path_1,scaffold_131
h1tg000152l_path_1,scaffold_132
h1tg000222l_path_1,scaffold_133
h1tg000151l_path_1,scaffold_134
h1tg000150l_path_1,scaffold_135
h1tg000196l_path_1,scaffold_136
h1tg000146l_path_1,scaffold_137
h1tg000123l_path_1,scaffold_138
h1tg000156l_path_1,scaffold_139
h1tg000137l_path_1,scaffold_140
h1tg000161l_path_1,scaffold_141
h1tg000071l_path_1,scaffold_142
h1tg000192l_path_1,scaffold_143
h1tg000100l_path_1,scaffold_144
h1tg000154l_path_1,scaffold_145
h1tg000180l_path_1,scaffold_146
h1tg000163l_path_1,scaffold_147
h1tg000204l_path_1,scaffold_148
h1tg000021l_path_1,scaffold_149
h1tg000129l_path_1,scaffold_150
h1tg000148l_path_1,scaffold_151
h1tg000176l_path_1,scaffold_152
h1tg000157l_path_1,scaffold_153
h1tg000217l_path_1,scaffold_154
h1tg000296l_path_1,scaffold_155
h1tg000307l_path_1,scaffold_156
h1tg000081l_path_1,scaffold_157
h1tg000143l_path_1,scaffold_158
h1tg000235l_path_1,scaffold_159
h1tg000213l_path_1,scaffold_160
h1tg000218l_path_1,scaffold_161
h1tg000082l_path_1,scaffold_162
h1tg000107l_path_1,scaffold_163
h1tg000116l_path_1,scaffold_164
h1tg000122l_path_1,scaffold_165
h1tg000228l_path_1,scaffold_166
h1tg000223l_path_1,scaffold_167
h1tg000133l_path_1,scaffold_168
h1tg000108l_path_1,scaffold_169
h1tg000171l_path_1,scaffold_170
h1tg000068l_path_1,scaffold_171
h1tg000160l_path_1,scaffold_172
h1tg000206l_path_1,scaffold_173
h1tg000290l_path_1,scaffold_174
h1tg000219l_path_1,scaffold_175
h1tg000099l_path_1,scaffold_176
h1tg000037l_path_1,scaffold_177
h1tg000170l_path_1,scaffold_178
h1tg000142l_path_1,scaffold_179
h1tg000127l_path_1,scaffold_180
h1tg000226l_path_1,scaffold_181
h1tg000092l_path_1,scaffold_182
h1tg000220l_path_1,scaffold_183
h1tg000308l_path_1,scaffold_184
h1tg000295l_path_1,scaffold_185
h1tg000259l_path_1,scaffold_186
h1tg000194l_path_1,scaffold_187
h1tg000182l_path_1,scaffold_188
h1tg000173l_path_1,scaffold_189
h1tg000236l_path_1,scaffold_190
h1tg000305l_path_1,scaffold_191
h1tg000230l_path_1,scaffold_192
h1tg000297l_path_1,scaffold_193
h1tg000188l_path_1,scaffold_194
h1tg000211l_path_1,scaffold_195
h1tg000347l_path_1,scaffold_196
h1tg000350l_path_1,scaffold_197
h1tg000202l_path_1,scaffold_198
h1tg000159l_path_1,scaffold_199
h1tg000149l_path_1,scaffold_200
h1tg000311l_path_1,scaffold_201
h1tg000209l_path_1,scaffold_202
h1tg000265l_path_1,scaffold_203
h1tg000584l_path_1,scaffold_204
h1tg000162l_path_1,scaffold_205
h1tg000300l_path_1,scaffold_206
h1tg000391l_path_1,scaffold_207
h1tg000221l_path_1,scaffold_208
h1tg000299l_path_1,scaffold_209
h1tg000164l_path_1,scaffold_210
h1tg000302l_path_1,scaffold_211
h1tg000316l_path_1,scaffold_212
h1tg000301l_path_1,scaffold_213
h1tg000325l_path_1,scaffold_214
h1tg000115l_path_1,scaffold_215
h1tg000339l_path_1,scaffold_216
h1tg000356l_path_1,scaffold_217
h1tg000312l_path_1,scaffold_218
h1tg000201l_path_1,scaffold_219
h1tg000437l_path_1,scaffold_220
h1tg000399l_path_1,scaffold_221
h1tg000349l_path_1,scaffold_222
h1tg000189l_path_1,scaffold_223
h1tg000343l_path_1,scaffold_224
h1tg000288l_path_1,scaffold_225
h1tg000516l_path_1,scaffold_226
h1tg000333l_path_1,scaffold_227
h1tg000334l_path_1,scaffold_228
h1tg000390l_path_1,scaffold_229
h1tg000340l_path_1,scaffold_230
h1tg000181l_path_1,scaffold_231
h1tg000233l_path_1,scaffold_232
h1tg000306l_path_1,scaffold_233
h1tg000319l_path_1,scaffold_234
h1tg000167l_path_1,scaffold_235
h1tg000557l_path_1,scaffold_236
h1tg000331l_path_1,scaffold_237
h1tg000569l_path_1,scaffold_238
h1tg000231l_path_1,scaffold_239
h1tg000378l_path_1,scaffold_240
h1tg000205l_path_1,scaffold_241
h1tg000317l_path_1,scaffold_242
h1tg000429l_path_1,scaffold_243
h1tg000590l_path_1,scaffold_244
h1tg000191l_path_1,scaffold_245
h1tg000386l_path_1,scaffold_246
h1tg000573l_path_1,scaffold_247
h1tg000562c_path_1,scaffold_248
h1tg000318l_path_1,scaffold_249
h1tg000281l_path_1,scaffold_250
h1tg000274l_path_1,scaffold_251
h1tg000258c_path_1,scaffold_252
h1tg000533l_path_1,scaffold_253
h1tg000346l_path_1,scaffold_254
h1tg000422l_path_1,scaffold_255
h1tg000232l_path_1,scaffold_256
h1tg000320l_path_1,scaffold_257
h1tg000272l_path_1,scaffold_258
h1tg000266l_path_1,scaffold_259
h1tg000239l_path_1,scaffold_260
h1tg000382l_path_1,scaffold_261
h1tg000527l_path_1,scaffold_262
h1tg000345l_path_1,scaffold_263
h1tg000286l_path_1,scaffold_264
h1tg000576l_path_1,scaffold_265
h1tg000169l_path_1,scaffold_266
h1tg000462l_path_1,scaffold_267
h1tg000321l_path_1,scaffold_268
h1tg000280l_path_1,scaffold_269
h1tg000439l_path_1,scaffold_270
h1tg000332l_path_1,scaffold_271
h1tg000369l_path_1,scaffold_272
h1tg000310l_path_1,scaffold_273
h1tg000234l_path_1,scaffold_274
h1tg000534l_path_1,scaffold_275
h1tg000469l_path_1,scaffold_276
h1tg000199l_path_1,scaffold_277
h1tg000381l_path_1,scaffold_278
h1tg000360l_path_1,scaffold_279
h1tg000177l_path_1,scaffold_280
h1tg000575l_path_1,scaffold_281
h1tg000442l_path_1,scaffold_282
h1tg000545l_path_1,scaffold_283
h1tg000241l_path_1,scaffold_284
h1tg000542l_path_1,scaffold_285
h1tg000549l_path_1,scaffold_286
h1tg000547l_path_1,scaffold_287
h1tg000260l_path_1,scaffold_288
h1tg000275l_path_1,scaffold_289
h1tg000397l_path_1,scaffold_290
h1tg000441l_path_1,scaffold_291
h1tg000252l_path_1,scaffold_292
h1tg000482l_path_1,scaffold_293
h1tg000359l_path_1,scaffold_294
h1tg000550l_path_1,scaffold_295
h1tg000639l_path_1,scaffold_296
h1tg000283l_path_1,scaffold_297
h1tg000583l_path_1,scaffold_298
h1tg000581l_path_1,scaffold_299
h1tg000564l_path_1,scaffold_300
h1tg000560l_path_1,scaffold_301
h1tg000263l_path_1,scaffold_302
h1tg000587l_path_1,scaffold_303
h1tg000309l_path_1,scaffold_304
h1tg000313l_path_1,scaffold_305
h1tg000393l_path_1,scaffold_306
h1tg000489l_path_1,scaffold_307
h1tg000572l_path_1,scaffold_308
h1tg000365l_path_1,scaffold_309
h1tg000384l_path_1,scaffold_310
h1tg000605l_path_1,scaffold_311
h1tg000528l_path_1,scaffold_312
h1tg000503l_path_1,scaffold_313
h1tg000647l_path_1,scaffold_314
h1tg000602l_path_1,scaffold_315
h1tg000355c_path_1,scaffold_316
h1tg000352l_path_1,scaffold_317
h1tg000330l_path_1,scaffold_318
h1tg000606l_path_1,scaffold_319
h1tg000530l_path_1,scaffold_320
h1tg000488l_path_1,scaffold_321
h1tg000459l_path_1,scaffold_322
h1tg000589l_path_1,scaffold_323
h1tg000598l_path_1,scaffold_324
h1tg000294l_path_1,scaffold_325
h1tg000447l_path_1,scaffold_326
h1tg000505l_path_1,scaffold_327
h1tg000461l_path_1,scaffold_328
h1tg000623l_path_1,scaffold_329
h1tg000570l_path_1,scaffold_330
h1tg000327l_path_1,scaffold_331
h1tg000546l_path_1,scaffold_332
h1tg000663l_path_1,scaffold_333
h1tg000571l_path_1,scaffold_334
h1tg000521l_path_1,scaffold_335
h1tg000377l_path_1,scaffold_336
h1tg000203l_path_1,scaffold_337
h1tg000358l_path_1,scaffold_338
h1tg000552l_path_1,scaffold_339
h1tg000603l_path_1,scaffold_340
h1tg000523l_path_1,scaffold_341
h1tg000240l_path_1,scaffold_342
h1tg000460l_path_1,scaffold_343
h1tg000508l_path_1,scaffold_344
h1tg000335l_path_1,scaffold_345
h1tg000543l_path_1,scaffold_346
h1tg000593l_path_1,scaffold_347
h1tg000467l_path_1,scaffold_348
h1tg000586l_path_1,scaffold_349
h1tg000370l_path_1,scaffold_350
h1tg000539l_path_1,scaffold_351
h1tg000486l_path_1,scaffold_352
h1tg000394l_path_1,scaffold_353
h1tg000553l_path_1,scaffold_354
h1tg000067l_path_1,scaffold_355
h1tg000565l_path_1,scaffold_356
h1tg000279l_path_1,scaffold_357
h1tg000438l_path_1,scaffold_358
h1tg000515l_path_1,scaffold_359
h1tg000426l_path_1,scaffold_360
h1tg000328l_path_1,scaffold_361
h1tg000466l_path_1,scaffold_362
h1tg000398l_path_1,scaffold_363
h1tg000591l_path_1,scaffold_364
h1tg000559l_path_1,scaffold_365
h1tg000499l_path_1,scaffold_366
h1tg000456l_path_1,scaffold_367
h1tg000666l_path_1,scaffold_368
h1tg000452l_path_1,scaffold_369
h1tg000433l_path_1,scaffold_370
h1tg000276l_path_1,scaffold_371
h1tg000401l_path_1,scaffold_372
h1tg000255l_path_1,scaffold_373
h1tg000498l_path_1,scaffold_374
h1tg000588l_path_1,scaffold_375
h1tg000432l_path_1,scaffold_376
h1tg000443l_path_1,scaffold_377
h1tg000660l_path_1,scaffold_378
h1tg000269l_path_1,scaffold_379
h1tg000648l_path_1,scaffold_380
h1tg000541l_path_1,scaffold_381
h1tg000616l_path_1,scaffold_382
h1tg000641l_path_1,scaffold_383
h1tg000344l_path_1,scaffold_384
h1tg000646l_path_1,scaffold_385
h1tg000262l_path_1,scaffold_386
h1tg000535l_path_1,scaffold_387
h1tg000585l_path_1,scaffold_388
h1tg000577l_path_1,scaffold_389
h1tg000632l_path_1,scaffold_390
h1tg000362l_path_1,scaffold_391
h1tg000652l_path_1,scaffold_392
h1tg000628l_path_1,scaffold_393
h1tg000592l_path_1,scaffold_394
h1tg000436l_path_1,scaffold_395
h1tg000637l_path_1,scaffold_396
h1tg000567l_path_1,scaffold_397
h1tg000248l_path_1,scaffold_398
h1tg000525l_path_1,scaffold_399
h1tg000247l_path_1,scaffold_400
h1tg000638l_path_1,scaffold_401
h1tg000649l_path_1,scaffold_402
h1tg000282l_path_1,scaffold_403
h1tg000561l_path_1,scaffold_404
h1tg000481l_path_1,scaffold_405
h1tg000526l_path_1,scaffold_406
h1tg000643l_path_1,scaffold_407
h1tg000568l_path_1,scaffold_408
h1tg000554l_path_1,scaffold_409
h1tg000457l_path_1,scaffold_410
h1tg000458l_path_1,scaffold_411
h1tg000264l_path_1,scaffold_412
h1tg000640l_path_1,scaffold_413
h1tg000287l_path_1,scaffold_414
h1tg000615l_path_1,scaffold_415
h1tg000396l_path_1,scaffold_416
h1tg000657l_path_1,scaffold_417
h1tg000644l_path_1,scaffold_418
h1tg000322l_path_1,scaffold_419
h1tg000642l_path_1,scaffold_420
h1tg000237l_path_1,scaffold_421
h1tg000324l_path_1,scaffold_422
h1tg000566l_path_1,scaffold_423
h1tg000425l_path_1,scaffold_424
h1tg000536l_path_1,scaffold_425
h1tg000578l_path_1,scaffold_426
h1tg000633l_path_1,scaffold_427
h1tg000558l_path_1,scaffold_428
h1tg000667l_path_1,scaffold_429
h1tg000451l_path_1,scaffold_430
h1tg000455l_path_1,scaffold_431
h1tg000610l_path_1,scaffold_432
h1tg000626l_path_1,scaffold_433
h1tg000509l_path_1,scaffold_434
h1tg000664l_path_1,scaffold_435
h1tg000604l_path_1,scaffold_436
h1tg000444l_path_1,scaffold_437
h1tg000502l_path_1,scaffold_438
h1tg000665l_path_1,scaffold_439
h1tg000538l_path_1,scaffold_440
h1tg000650l_path_1,scaffold_441
h1tg000582l_path_1,scaffold_442
h1tg000659l_path_1,scaffold_443
h1tg000257l_path_1,scaffold_444
h1tg000671l_path_1,scaffold_445
h1tg000337l_path_1,scaffold_446
h1tg000158l_path_1,scaffold_447
h1tg000658l_path_1,scaffold_448
h1tg000645l_path_1,scaffold_449
h1tg000293l_path_1,scaffold_450
h1tg000548l_path_1,scaffold_451
h1tg000613l_path_1,scaffold_452
h1tg000625l_path_1,scaffold_453
h1tg000357l_path_1,scaffold_454
h1tg000434l_path_1,scaffold_455
h1tg000487l_path_1,scaffold_456
h1tg000661l_path_1,scaffold_457
h1tg000428l_path_1,scaffold_458
h1tg000383l_path_1,scaffold_459
h1tg000423l_path_1,scaffold_460
h1tg000366l_path_1,scaffold_461
h1tg000468l_path_1,scaffold_462
h1tg000594l_path_1,scaffold_463
h1tg000574l_path_1,scaffold_464
h1tg000448l_path_1,scaffold_465
h1tg000551l_path_1,scaffold_466
h1tg000636l_path_1,scaffold_467
h1tg000651l_path_1,scaffold_468
h1tg000612l_path_1,scaffold_469
h1tg000631l_path_1,scaffold_470
h1tg000544l_path_1,scaffold_471
h1tg000500l_path_1,scaffold_472
h1tg000579l_path_1,scaffold_473
h1tg000387l_path_1,scaffold_474
h1tg000291l_path_1,scaffold_475
h1tg000342l_path_1,scaffold_476
h1tg000336l_path_1,scaffold_477
