BioSample,LibraryName,Run,BioProject,fq1,fq2,lat,long
Tap_xsA08267_Mus,Tap_xsA08267_Mus,1,Xiphorhynchus,/scratch/amonc/sra_project/fastq/SRR27456454_1.fastq.gz,/scratch/amonc/sra_project/fastq/SRR27456454_2.fastq.gz,-3.275,-54.942
Tap_xsBR163-028_Mus,Tap_xsBR163-028_Mus,2,Xiphorhynchus,/scratch/amonc/sra_project/fastq/SRR27456453_1.fastq.gz,/scratch/amonc/sra_project/fastq/SRR27456453_2.fastq.gz,-8.39,-55.37
Tap_xsBR163-145_Mus,Tap_xsBR163-145_Mus,3,Xiphorhynchus,/scratch/amonc/sra_project/fastq/SRR27456452_1.fastq.gz,/scratch/amonc/sra_project/fastq/SRR27456452_2.fastq.gz,-7.191,-55.495
Tap_xsBR163-212_Mus,Tap_xsBR163-212_Mus,4,Xiphorhynchus,/scratch/amonc/sra_project/fastq/SRR27456451_1.fastq.gz,/scratch/amonc/sra_project/fastq/SRR27456451_2.fastq.gz,-6.202,-55.688
Xin_xsCOUFT0424_Mus,Xin_xsCOUFT0424_Mus,5,Xiphorhynchus,/scratch/amonc/sra_project/fastq/SRR27456450_1.fastq.gz,/scratch/amonc/sra_project/fastq/SRR27456450_2.fastq.gz,-6.746,-48.16
Bel_xsFRC041_Mus,Bel_xsFRC041_Mus,6,Xiphorhynchus,/scratch/amonc/sra_project/fastq/SRR27456449_1.fastq.gz,/scratch/amonc/sra_project/fastq/SRR27456449_2.fastq.gz,-3.704,-48.563
Xin_xsFTA012_Mus,Xin_xsFTA012_Mus,7,Xiphorhynchus,/scratch/amonc/sra_project/fastq/SRR27456448_1.fastq.gz,/scratch/amonc/sra_project/fastq/SRR27456448_2.fastq.gz,-5.949,-50.65
Xin_xsGAPTO037_Mus,Xin_xsGAPTO037_Mus,8,Xiphorhynchus,/scratch/amonc/sra_project/fastq/SRR27456446_1.fastq.gz,/scratch/amonc/sra_project/fastq/SRR27456446_2.fastq.gz,-7.624,-49.381
Xin_xsGAPTO271_Mus,Xin_xsGAPTO271_Mus,9,Xiphorhynchus,/scratch/amonc/sra_project/fastq/SRR27456445_1.fastq.gz,/scratch/amonc/sra_project/fastq/SRR27456445_2.fastq.gz,-7.624,-49.381
Xin_xsGAPX047_Mus,Xin_xsGAPX047_Mus,10,Xiphorhynchus,/scratch/amonc/sra_project/fastq/SRR27456444_1.fastq.gz,/scratch/amonc/sra_project/fastq/SRR27456444_2.fastq.gz,-6.514,-51.244
Bel_xsGUR156_Mus,Bel_xsGUR156_Mus,11,Xiphorhynchus,/scratch/amonc/sra_project/fastq/SRR27456443_1.fastq.gz,/scratch/amonc/sra_project/fastq/SRR27456443_2.fastq.gz,-3.704,-46.762
Bel_xsLCA23_Mus,Bel_xsLCA23_Mus,12,Xiphorhynchus,/scratch/amonc/sra_project/fastq/SRR27456442_1.fastq.gz,/scratch/amonc/sra_project/fastq/SRR27456442_2.fastq.gz,-1.75,-48.8
Xin_xsMAYA066_Mus,Xin_xsMAYA066_Mus,13,Xiphorhynchus,/scratch/amonc/sra_project/fastq/SRR27456441_1.fastq.gz,/scratch/amonc/sra_project/fastq/SRR27456441_2.fastq.gz,-1.563,-50.39
Bel_xsMLV157_Mus,Bel_xsMLV157_Mus,14,Xiphorhynchus,/scratch/amonc/sra_project/fastq/SRR27456440_1.fastq.gz,/scratch/amonc/sra_project/fastq/SRR27456440_2.fastq.gz,-1.199,-48.299
Xin_xsMOP011_Mus,Xin_xsMOP011_Mus,15,Xiphorhynchus,/scratch/amonc/sra_project/fastq/SRR27456439_1.fastq.gz,/scratch/amonc/sra_project/fastq/SRR27456439_2.fastq.gz,-6.633,-50.984
Tap_xsMPDS1217_Mus,Tap_xsMPDS1217_Mus,16,Xiphorhynchus,/scratch/amonc/sra_project/fastq/SRR27456438_1.fastq.gz,/scratch/amonc/sra_project/fastq/SRR27456438_2.fastq.gz,-6.519,-57.445
Tap_xsMPDS1294_Mus,Tap_xsMPDS1294_Mus,17,Xiphorhynchus,/scratch/amonc/sra_project/fastq/SRR27456437_1.fastq.gz,/scratch/amonc/sra_project/fastq/SRR27456437_2.fastq.gz,-6.353,-57.307
Xin_xsMRJ498_Mus,Xin_xsMRJ498_Mus,18,Xiphorhynchus,/scratch/amonc/sra_project/fastq/SRR27456435_1.fastq.gz,/scratch/amonc/sra_project/fastq/SRR27456435_2.fastq.gz,-2.016,-50.717
Tap_xsMSF111_Mus,Tap_xsMSF111_Mus,19,Xiphorhynchus,/scratch/amonc/sra_project/fastq/SRR27456434_1.fastq.gz,/scratch/amonc/sra_project/fastq/SRR27456434_2.fastq.gz,-9.262,-54.471
Tap_xsPIME217_Mus,Tap_xsPIME217_Mus,20,Xiphorhynchus,/scratch/amonc/sra_project/fastq/SRR27456433_1.fastq.gz,/scratch/amonc/sra_project/fastq/SRR27456433_2.fastq.gz,-4.609,-55.497
Bel_xsRDP017_Mus,Bel_xsRDP017_Mus,21,Xiphorhynchus,/scratch/amonc/sra_project/fastq/SRR27456432_1.fastq.gz,/scratch/amonc/sra_project/fastq/SRR27456432_2.fastq.gz,-4.715,-48.279
Bel_xsREBIO002_Mus,Bel_xsREBIO002_Mus,22,Xiphorhynchus,/scratch/amonc/sra_project/fastq/SRR27456431_1.fastq.gz,/scratch/amonc/sra_project/fastq/SRR27456431_2.fastq.gz,-3.643,-46.711
Tap_xsSER013_Mus,Tap_xsSER013_Mus,23,Xiphorhynchus,/scratch/amonc/sra_project/fastq/SRR27456430_1.fastq.gz,/scratch/amonc/sra_project/fastq/SRR27456430_2.fastq.gz,-6.802,-56.498
Tap_xsTM005_Mus,Tap_xsTM005_Mus,24,Xiphorhynchus,/scratch/amonc/sra_project/fastq/SRR27456429_1.fastq.gz,/scratch/amonc/sra_project/fastq/SRR27456429_2.fastq.gz,-6.067,-55.317
Bel_xsTP32151_Toe,Bel_xsTP32151_Toe,25,Xiphorhynchus,/scratch/amonc/sra_project/fastq/SRR27456428_1.fastq.gz,/scratch/amonc/sra_project/fastq/SRR27456428_2.fastq.gz,-1.562,-47.131
Xin_xsTP36025_Toe,Xin_xsTP36025_Toe,26,Xiphorhynchus,/scratch/amonc/sra_project/fastq/SRR27456427_1.fastq.gz,/scratch/amonc/sra_project/fastq/SRR27456427_2.fastq.gz,-4.596,-49.561
Xin_xsTP36276_Toe,Xin_xsTP36276_Toe,27,Xiphorhynchus,/scratch/amonc/sra_project/fastq/SRR27456426_1.fastq.gz,/scratch/amonc/sra_project/fastq/SRR27456426_2.fastq.gz,-3.785,-49.782
Bel_xsTP37350_Toe,Bel_xsTP37350_Toe,28,Xiphorhynchus,/scratch/amonc/sra_project/fastq/SRR27456424_1.fastq.gz,/scratch/amonc/sra_project/fastq/SRR27456424_2.fastq.gz,-4.712,-46.354
Bel_xsTP38597_Toe,Bel_xsTP38597_Toe,29,Xiphorhynchus,/scratch/amonc/sra_project/fastq/SRR27456423_1.fastq.gz,/scratch/amonc/sra_project/fastq/SRR27456423_2.fastq.gz,-2.949,-45.887
Xin_xsTP48649_Toe,Xin_xsTP48649_Toe,30,Xiphorhynchus,/scratch/amonc/sra_project/fastq/SRR27456422_1.fastq.gz,/scratch/amonc/sra_project/fastq/SRR27456422_2.fastq.gz,-9.756,-50.537
Bel_xsTP51965_Toe,Bel_xsTP51965_Toe,31,Xiphorhynchus,/scratch/amonc/sra_project/fastq/SRR27456421_1.fastq.gz,/scratch/amonc/sra_project/fastq/SRR27456421_2.fastq.gz,-2.835,-47.915
Xin_xsTP81164_Toe,Xin_xsTP81164_Toe,32,Xiphorhynchus,/scratch/amonc/sra_project/fastq/SRR27456420_1.fastq.gz,/scratch/amonc/sra_project/fastq/SRR27456420_2.fastq.gz,-6.19,-48.191
Xin_xsUHE455_Mus,Xin_xsUHE455_Mus,33,Xiphorhynchus,/scratch/amonc/sra_project/fastq/SRR27456419_1.fastq.gz,/scratch/amonc/sra_project/fastq/SRR27456419_2.fastq.gz,-3.53,-51.733
XELEGANS_MPEG75162_Mus,XELEGANS_MPEG75162_Mus,34,Xiphorhynchus,/scratch/amonc/xipho_revision/outgroup_reads/SRR9853667_1.fastq.gz,/scratch/amonc/xipho_revision/outgroup_reads/SRR9853667_2.fastq.gz,-11.08,-54.33
XELEGANS_MPEG75162_Mus,XELEGANS_MPEG75162_Mus,35,Xiphorhynchus,/scratch/amonc/xipho_revision/outgroup_reads/SRR9853670_1.fastq.gz,/scratch/amonc/xipho_revision/outgroup_reads/SRR9853670_2.fastq.gz,-11.08,-54.33