mds_coord	name	PC1	genotype
mds06_pos	Bel_xsFRC041_Mus	0.15762274410173638	1
mds06_pos	Bel_xsGUR156_Mus	0.12718864330132154	1
mds06_pos	Bel_xsLCA23_Mus	0.13549154034116784	1
mds06_pos	Bel_xsMLV157_Mus	0.10534585428798933	1
mds06_pos	Bel_xsRDP017_Mus	0.14810583499903546	1
mds06_pos	Bel_xsREBIO002_Mus	0.12500366610009678	1
mds06_pos	Bel_xsTP32151_Toe	0.10003272691062541	1
mds06_pos	Bel_xsTP37350_Toe	0.13311406018193828	1
mds06_pos	Bel_xsTP38597_Toe	0.13998095656745502	1
mds06_pos	Bel_xsTP51965_Toe	0.07049414883883089	1
mds06_pos	Tap_xsA08267_Mus	-0.22646933395399296	0
mds06_pos	Tap_xsBR163-028_Mus	-0.2675176593253854	0
mds06_pos	Tap_xsBR163-145_Mus	-0.24152931829575933	0
mds06_pos	Tap_xsBR163-212_Mus	-0.22166413265852	0
mds06_pos	Tap_xsMPDS1217_Mus	-0.21226590704353068	0
mds06_pos	Tap_xsMPDS1294_Mus	-0.2736335487616923	0
mds06_pos	Tap_xsMSF111_Mus	-0.21935309998151753	0
mds06_pos	Tap_xsPIME217_Mus	-0.26803389871580185	0
mds06_pos	Tap_xsSER013_Mus	-0.19496214404916348	0
mds06_pos	Tap_xsTM005_Mus	-0.22134222008875828	0
mds06_pos	Xin_xsCOUFT0424_Mus	0.09021220268065137	1
mds06_pos	Xin_xsFTA012_Mus	0.1338475683056294	1
mds06_pos	Xin_xsGAPTO037_Mus	0.11859145922799505	1
mds06_pos	Xin_xsGAPTO271_Mus	0.1033624258705536	1
mds06_pos	Xin_xsGAPX047_Mus	0.1291949053096322	1
mds06_pos	Xin_xsMAYA066_Mus	0.0976640252395693	1
mds06_pos	Xin_xsMOP011_Mus	0.13420821361770427	1
mds06_pos	Xin_xsMRJ498_Mus	0.1462447220560442	1
mds06_pos	Xin_xsTP36025_Toe	0.1368452896440341	1
mds06_pos	Xin_xsTP36276_Toe	0.0671414314635693	1
mds06_pos	Xin_xsTP48649_Toe	-0.30549936681939366	0
mds06_pos	Xin_xsTP81164_Toe	0.17957014179902203	1
mds06_pos	Xin_xsUHE455_Mus	0.13119837692067204	1
mds09_neg	Bel_xsFRC041_Mus	0.2660301523800393	2
mds09_neg	Bel_xsGUR156_Mus	0.005258122828631229	1
mds09_neg	Bel_xsLCA23_Mus	0.017194744185336168	1
mds09_neg	Bel_xsMLV157_Mus	0.22897719733160332	2
mds09_neg	Bel_xsRDP017_Mus	0.306711942190238	2
mds09_neg	Bel_xsREBIO002_Mus	0.23354666876890823	2
mds09_neg	Bel_xsTP32151_Toe	-0.008051473396930504	1
mds09_neg	Bel_xsTP37350_Toe	0.23400366703195113	2
mds09_neg	Bel_xsTP38597_Toe	0.2749435420223356	2
mds09_neg	Bel_xsTP51965_Toe	0.24999261942105055	2
mds09_neg	Tap_xsA08267_Mus	-0.19886864645740118	0
mds09_neg	Tap_xsBR163-028_Mus	-0.23203263477178027	0
mds09_neg	Tap_xsBR163-145_Mus	-0.22265024825877278	0
mds09_neg	Tap_xsBR163-212_Mus	-0.22681182533016672	0
mds09_neg	Tap_xsMPDS1217_Mus	-0.20948463037467202	0
mds09_neg	Tap_xsMPDS1294_Mus	-0.26716958219445003	0
mds09_neg	Tap_xsMSF111_Mus	-0.21149843650955044	0
mds09_neg	Tap_xsPIME217_Mus	-0.20613106557762575	0
mds09_neg	Tap_xsSER013_Mus	-0.22639265115541574	0
mds09_neg	Tap_xsTM005_Mus	-0.2148381241759583	0
mds09_neg	Xin_xsCOUFT0424_Mus	0.07346944381925927	1
mds09_neg	Xin_xsFTA012_Mus	0.07093061774886043	1
mds09_neg	Xin_xsGAPTO037_Mus	0.08140437067985383	1
mds09_neg	Xin_xsGAPTO271_Mus	0.05940580666333024	1
mds09_neg	Xin_xsGAPX047_Mus	0.014772532167003777	1
mds09_neg	Xin_xsMAYA066_Mus	0.028162873508212678	1
mds09_neg	Xin_xsMOP011_Mus	0.029891745121301532	1
mds09_neg	Xin_xsMRJ498_Mus	0.036277271458242125	1
mds09_neg	Xin_xsTP36025_Toe	0.0035513770197945485	1
mds09_neg	Xin_xsTP36276_Toe	0.01725835165884697	1
mds09_neg	Xin_xsTP48649_Toe	0.055555103100334194	1
mds09_neg	Xin_xsTP81164_Toe	0.05826711417051314	1
mds09_neg	Xin_xsUHE455_Mus	-0.1002442125213393	0
mds10_pos	Bel_xsFRC041_Mus	0.21986081222601392	2
mds10_pos	Bel_xsGUR156_Mus	0.03595299424799091	1
mds10_pos	Bel_xsLCA23_Mus	0.07548251932096638	1
mds10_pos	Bel_xsMLV157_Mus	0.2885712509097041	2
mds10_pos	Bel_xsRDP017_Mus	0.09111906093416887	1
mds10_pos	Bel_xsREBIO002_Mus	0.16128204123310624	2
mds10_pos	Bel_xsTP32151_Toe	0.287375255111845	2
mds10_pos	Bel_xsTP37350_Toe	0.09267397975680976	1
mds10_pos	Bel_xsTP38597_Toe	0.22902963914420593	2
mds10_pos	Bel_xsTP51965_Toe	0.22159496748111912	2
mds10_pos	Tap_xsA08267_Mus	-0.23991945449488622	0
mds10_pos	Tap_xsBR163-028_Mus	-0.23738143651704555	0
mds10_pos	Tap_xsBR163-145_Mus	-0.2431590077754291	0
mds10_pos	Tap_xsBR163-212_Mus	-0.1967922354963862	0
mds10_pos	Tap_xsMPDS1217_Mus	-0.25569220732098563	0
mds10_pos	Tap_xsMPDS1294_Mus	-0.1689160287927524	0
mds10_pos	Tap_xsMSF111_Mus	-0.2149715481784543	0
mds10_pos	Tap_xsPIME217_Mus	-0.17999822604702265	0
mds10_pos	Tap_xsSER013_Mus	-0.16396580026238392	0
mds10_pos	Tap_xsTM005_Mus	-0.2513105881814651	0
mds10_pos	Xin_xsCOUFT0424_Mus	0.15536807100717753	2
mds10_pos	Xin_xsFTA012_Mus	0.18608970716219386	2
mds10_pos	Xin_xsGAPTO037_Mus	-0.24626693407416428	0
mds10_pos	Xin_xsGAPTO271_Mus	-0.03717736438167525	1
mds10_pos	Xin_xsGAPX047_Mus	0.17805404570161346	2
mds10_pos	Xin_xsMAYA066_Mus	-0.004570864339188909	1
mds10_pos	Xin_xsMOP011_Mus	-0.009052568920226831	1
mds10_pos	Xin_xsMRJ498_Mus	0.030327315050771977	1
mds10_pos	Xin_xsTP36025_Toe	-0.0011637516483195996	1
mds10_pos	Xin_xsTP36276_Toe	0.06293571070360407	1
mds10_pos	Xin_xsTP48649_Toe	0.005817547688817479	1
mds10_pos	Xin_xsTP81164_Toe	0.02744046584670029	1
mds10_pos	Xin_xsUHE455_Mus	0.04181171926856269	1
mds36_pos	Bel_xsFRC041_Mus	0.0820741420987084	2
mds36_pos	Bel_xsGUR156_Mus	-0.515215023029731	0
mds36_pos	Bel_xsLCA23_Mus	-0.2838663201135871	1
mds36_pos	Bel_xsMLV157_Mus	0.0875926866876752	2
mds36_pos	Bel_xsRDP017_Mus	0.07864546332410055	2
mds36_pos	Bel_xsREBIO002_Mus	0.09362701954602164	2
mds36_pos	Bel_xsTP32151_Toe	-0.49740289426699275	0
mds36_pos	Bel_xsTP37350_Toe	0.08220487945465549	2
mds36_pos	Bel_xsTP38597_Toe	0.0866260826240686	2
mds36_pos	Bel_xsTP51965_Toe	0.0775499551326343	2
mds36_pos	Tap_xsA08267_Mus	0.031445485788768136	2
mds36_pos	Tap_xsBR163-028_Mus	0.03191286155921519	2
mds36_pos	Tap_xsBR163-145_Mus	0.033106630354508455	2
mds36_pos	Tap_xsBR163-212_Mus	0.0410214520578463	2
mds36_pos	Tap_xsMPDS1217_Mus	0.021484607990108474	2
mds36_pos	Tap_xsMPDS1294_Mus	0.02202207319498198	2
mds36_pos	Tap_xsMSF111_Mus	0.023523509649696045	2
mds36_pos	Tap_xsPIME217_Mus	0.02967329335148026	2
mds36_pos	Tap_xsSER013_Mus	0.03267670082387057	2
mds36_pos	Tap_xsTM005_Mus	0.019802911065264047	2
mds36_pos	Xin_xsCOUFT0424_Mus	0.09528736198881795	2
mds36_pos	Xin_xsFTA012_Mus	0.0775664848343666	2
mds36_pos	Xin_xsGAPTO037_Mus	0.0855901234764938	2
mds36_pos	Xin_xsGAPTO271_Mus	0.09392206871274927	2
mds36_pos	Xin_xsGAPX047_Mus	0.08678612605479707	2
mds36_pos	Xin_xsMAYA066_Mus	0.0805680731313838	2
mds36_pos	Xin_xsMOP011_Mus	0.0923512999589888	2
mds36_pos	Xin_xsMRJ498_Mus	0.08304195582607908	2
mds36_pos	Xin_xsTP36025_Toe	0.0854084425642636	2
mds36_pos	Xin_xsTP36276_Toe	0.09006783657380309	2
mds36_pos	Xin_xsTP48649_Toe	0.0964325495738639	2
mds36_pos	Xin_xsTP81164_Toe	0.09652075190478408	2
mds36_pos	Xin_xsUHE455_Mus	-0.5035757305966941	0
